Dimension,mean
Vision,69.96382636655949
Strategy,68.64147909967846
Leadership,70.75342465753425
Adaptability,58.766129032258064
Performance,65.26677445432497
Systems,65.65725806451613
Teamwork,71.65592264302981
Talent,66.727199354318
Development,72.97743755036261
Fit,73.02091713596138
Customer,77.91497975708502
Climate,68.0691056910569
